{
  "Buscar Voos" : {
    "transaction" : "Buscar Voos",
    "sampleCount" : 12115,
    "errorCount" : 17,
    "errorPct" : 0.14032191,
    "meanResTime" : 874.2981427981874,
    "medianResTime" : 467.0,
    "minResTime" : 194.0,
    "maxResTime" : 16727.0,
    "pct1ResTime" : 1459.0,
    "pct2ResTime" : 2382.199999999999,
    "pct3ResTime" : 8477.0,
    "throughput" : 39.69866371316036,
    "receivedKBytesPerSec" : 284.2098060757961,
    "sentKBytesPerSec" : 9.498215439183877
  },
  "Total" : {
    "transaction" : "Total",
    "sampleCount" : 48358,
    "errorCount" : 58,
    "errorPct" : 0.11993879,
    "meanResTime" : 873.8330369328723,
    "medianResTime" : 441.0,
    "minResTime" : 194.0,
    "maxResTime" : 16727.0,
    "pct1ResTime" : 1386.9000000000015,
    "pct2ResTime" : 2300.9500000000007,
    "pct3ResTime" : 9186.94000000001,
    "throughput" : 157.51586298549856,
    "receivedKBytesPerSec" : 944.5626719999983,
    "sentKBytesPerSec" : 35.397196957327914
  },
  "Acesso Home" : {
    "transaction" : "Acesso Home",
    "sampleCount" : 12166,
    "errorCount" : 10,
    "errorPct" : 0.08219629,
    "meanResTime" : 864.975012329444,
    "medianResTime" : 463.0,
    "minResTime" : 195.0,
    "maxResTime" : 10547.0,
    "pct1ResTime" : 1418.6000000000022,
    "pct2ResTime" : 2289.0,
    "pct3ResTime" : 8480.33,
    "throughput" : 39.87989484242755,
    "receivedKBytesPerSec" : 185.1169475416795,
    "sentKBytesPerSec" : 4.673425176846978
  },
  "Comprar Passagem" : {
    "transaction" : "Comprar Passagem",
    "sampleCount" : 12061,
    "errorCount" : 18,
    "errorPct" : 0.14924136,
    "meanResTime" : 869.993201227096,
    "medianResTime" : 463.0,
    "minResTime" : 194.0,
    "maxResTime" : 10531.0,
    "pct1ResTime" : 1427.0,
    "pct2ResTime" : 2294.199999999997,
    "pct3ResTime" : 8605.38,
    "throughput" : 39.67329807110339,
    "receivedKBytesPerSec" : 259.94109645654885,
    "sentKBytesPerSec" : 16.272251161976
  },
  "Confirmação" : {
    "transaction" : "Confirmação",
    "sampleCount" : 12016,
    "errorCount" : 13,
    "errorPct" : 0.10818908,
    "meanResTime" : 886.1869174434078,
    "medianResTime" : 464.0,
    "minResTime" : 196.0,
    "maxResTime" : 10447.0,
    "pct1ResTime" : 1442.0,
    "pct2ResTime" : 2339.749999999998,
    "pct3ResTime" : 8837.789999999999,
    "throughput" : 39.415976985478146,
    "receivedKBytesPerSec" : 222.25288952635879,
    "sentKBytesPerSec" : 5.234934443383817
  }
}